sumact,max,stdev,fivecount,log,state
3076.0,565.0,142.11492108,0,3.42774823595,-1
2351.0,431.666666667,103.233784614,0,6.55295958492,-1
2601.0,431.666666667,107.756596675,0,5.46206934235,-1
2414.0,431.666666667,110.223575101,0,5.71551824316,-1
1915.33333333,258.0,78.2976852355,0,6.42641736917,-1
2065.66666667,315.666666667,90.2403521936,0,5.96981329958,-1
2259.0,315.666666667,97.3660985295,0,5.64439089914,-1
2592.0,315.666666667,103.115261445,0,5.18965474203,-1
2832.33333333,315.666666667,102.359305943,0,5.03718614838,-1
2668.66666667,315.666666667,101.260110868,0,6.42053499927,-1
2921.66666667,315.666666667,100.20814317,0,5.52900882502,-1
2978.66666667,315.666666667,97.2998583445,0,5.46206934235,-1
3000.0,315.666666667,93.8856616333,0,6.07517381523,-1
3192.0,315.666666667,91.5552049615,0,3.1202635362,-1
3428.66666667,363.666666667,103.797057283,0,4.88499433304,-1
3340.0,363.666666667,104.500945541,0,6.75468680452,-1
3251.0,363.666666667,107.950944179,0,6.56579673168,-1
3089.66666667,363.666666667,108.731497848,0,6.72358510195,-1
3067.66666667,363.666666667,115.775352624,0,6.48341285023,-1
3199.66666667,363.666666667,118.309852354,0,4.87812145375,-1
3053.66666667,363.666666667,122.739240522,0,5.98360662171,-1
2920.0,363.666666667,123.707912516,0,5.08317126162,-1
2785.33333333,363.666666667,127.745576343,0,5.66343909411,-1
2518.33333333,363.666666667,124.233065234,0,6.69821142961,-1
2319.0,315.666666667,119.670108718,0,6.89623769717,-1
2393.66666667,363.666666667,126.062219038,0,6.66988092298,-1
2568.33333333,363.666666667,132.577981445,0,5.43081679884,-1
2348.66666667,363.666666667,124.736193582,0,4.30810695859,-1
2123.0,363.666666667,120.837546725,0,3.81341071676,-1
1910.0,363.666666667,110.967126549,0,2.73460105539,-1
1684.0,363.666666667,106.60558519,0,3.1202635362,-1
1655.0,363.666666667,107.211243784,0,2.73460105539,-1
1526.66666667,363.666666667,106.841154408,0,2.54044504095,-1
1472.66666667,363.666666667,107.826479751,0,3.48490664979,-1
1363.0,363.666666667,108.553731849,0,4.25809653802,-1
1093.33333333,363.666666667,94.5914383634,0,3.23359222151,-1
793.666666667,290.0,62.6878046079,0,3.85263142991,-1
497.0,84.0,24.2042236902,0,4.6720723358,-1
431.666666667,82.0,20.6045661966,0,4.21887582487,-1
359.0,72.0,15.0281745979,0,5.40671924726,-1
432.0,82.0,20.6615969204,0,3.85263142991,-1
444.333333333,82.0,20.3891635291,0,3.81341071676,-1
466.0,82.0,20.255471532,0,3.81341071676,-1
483.333333333,82.0,19.8347271752,0,3.53897387106,-1
496.333333333,82.0,19.402149011,0,3.33537491581,-1
559.0,82.0,22.3888081451,0,3.48490664979,-1
552.666666667,82.0,23.4427141466,0,5.27666611902,-1
639.333333333,82.0,24.9807333166,0,3.73002910782,-1
703.333333333,82.0,25.7405039767,0,2.46633706879,-1
745.333333333,88.6666666667,28.7675780172,0,3.45673577282,-1
723.333333333,88.6666666667,29.3623593764,0,4.21887582487,-1
724.0,88.6666666667,28.6553410629,0,3.85263142991,-1
861.666666667,167.666666667,40.7674849689,0,4.40119738166,-1
897.0,167.666666667,40.1391033663,0,3.94443897917,-1
932.333333334,167.666666667,39.5785602804,0,3.73002910782,-1
977.333333334,167.666666667,42.1703524333,0,5.33510971489,-1
1083.66666667,167.666666667,44.1044995246,0,5.37785126326,-1
1123.66666667,167.666666667,44.4361738337,0,4.6720723358,-1
1039.66666667,167.666666667,44.677811924,0,5.25324584481,-1
1078.66666667,167.666666667,43.6568570104,0,5.48488402011,-1
1380.0,233.333333333,56.9469817476,0,3.79320800944,-1
1393.66666667,233.333333333,56.8400196225,0,5.31748811354,-1
1387.66666667,233.333333333,52.3296075916,0,6.12197788143,-1
1591.0,233.333333333,55.1785126111,0,4.7135720667,-1
1605.0,233.333333333,54.7004106076,0,4.87812145375,-1
1634.33333333,233.333333333,53.5224375636,0,5.77631844219,-1
1810.0,233.333333333,56.9735388315,0,5.78749174278,-1
1993.0,233.333333333,56.1325952898,0,3.45673577282,-1
2007.0,233.333333333,56.5597170016,0,3.94443897917,-1
1946.66666667,233.333333333,59.1352409277,0,5.28588277412,-1
2128.33333333,412.666666667,86.8534830231,0,6.45246804637,-1
2378.66666667,412.666666667,92.9097303269,0,5.43081679884,-1
2482.33333333,412.666666667,90.7670691747,0,5.71551824316,-1
2552.66666667,412.666666667,90.0603090116,0,5.54329478227,-1
2469.0,412.666666667,90.0059345486,0,4.93834031374,-1
2369.33333333,412.666666667,92.7177688261,0,5.77631844219,-1
2277.0,412.666666667,91.6500071442,0,6.25922997784,-1
2204.66666667,412.666666667,95.8033562501,0,6.01727983681,-1
2139.0,412.666666667,98.8349674643,0,5.61512051684,-1
2335.0,412.666666667,95.3994858727,0,4.48635519,-1
2054.66666667,233.333333333,65.2356939658,0,7.02264016458,-1
2328.33333333,412.666666667,92.8026865147,0,6.24526814546,-1
2332.33333333,412.666666667,91.9885028473,0,5.99495748138,-1
2272.66666667,412.666666667,95.076596801,0,5.84942270052,-1
2300.66666667,412.666666667,94.7783574296,0,4.72166927694,-1
2321.0,412.666666667,93.4479992907,0,3.15948424935,-1
2345.66666667,412.666666667,93.5783037985,0,4.39002408107,-1
2386.66666667,412.666666667,92.4383564082,0,2.60943791243,-1
2226.0,412.666666667,92.2395432195,0,2.46633706879,-1
2061.33333333,412.666666667,93.8899840267,0,5.93686914385,-1
2119.33333333,412.666666667,94.6115981123,0,5.77631844219,-1
2148.33333333,412.666666667,93.6315417393,0,5.81489071697,-1
1692.33333333,189.666666667,57.5841321471,0,6.27470750091,-1
1884.33333333,195.333333333,60.0559571518,0,2.46633706879,-1
1844.66666667,195.333333333,62.9269081331,0,4.97656152657,-1
1762.0,195.333333333,62.7086865201,0,5.40264592188,-1
1767.66666667,195.333333333,62.1017640693,0,5.5747109785,-1
1998.0,277.0,71.995722977,0,5.90527477844,-1
2153.33333333,277.0,69.2480626436,0,4.43398720449,-1
2062.33333333,277.0,70.8543479565,0,5.79854157897,-1
2046.66666667,277.0,70.3815376825,0,5.92966623156,-1
2112.66666667,277.0,70.3914151211,0,5.19469253606,-1
2166.66666667,277.0,69.2158153931,0,4.35573500759,-1
2066.66666666,277.0,70.5622581493,0,6.25052670271,-1
1912.33333333,277.0,71.5634620496,0,6.05624580535,-1
2029.66666667,277.0,71.0977790081,0,5.29501525768,-1
2055.33333333,277.0,70.4900683462,0,5.13249632819,-1
1807.0,190.666666667,58.2415740891,0,6.62401750619,-1
1923.33333333,277.0,73.565005627,0,5.39444915467,-1
1877.66666667,277.0,72.449822081,0,2.46633706879,-1
2132.66666667,287.333333333,83.0267248362,0,2.73460105539,-1
1982.66666667,287.333333333,85.0286817466,0,5.89285225844,-1
1858.0,287.333333333,86.0376255824,0,5.90527477844,-1
1755.0,287.333333333,85.2741424177,0,6.22215600558,-1
1917.0,287.333333333,86.8159154452,0,2.99243016469,-1
1712.33333333,287.333333333,86.2106255496,0,4.63758615973,-1
1536.66666667,287.333333333,86.0589990805,0,5.21950770518,-1
1488.33333333,287.333333333,87.1930473903,0,4.87120101091,-1
1465.66666667,287.333333333,87.589983965,0,3.85263142991,-1
1328.33333333,287.333333333,75.2821289669,0,3.53897387106,-1
1154.66666667,185.333333333,62.4679896863,0,6.66064298199,-1
1357.0,287.333333333,79.6624326429,0,5.59511985013,-1
1450.66666667,287.333333333,78.7966373197,0,3.73002910782,-1
1338.66666667,287.333333333,78.0102489535,0,3.61495977804,-1
1235.0,287.333333333,76.5305001964,0,3.53897387106,-1
1064.33333333,287.333333333,71.3118718642,0,3.81341071676,-1
1079.0,287.333333333,70.9168751046,0,3.42774823595,-1
1063.66666667,287.333333333,71.08965202,0,2.60943791243,-1
1039.0,287.333333333,71.1002868745,0,3.19722457734,-1
888.333333333,287.333333333,68.9308755817,0,5.90527477844,-1
880.666666666,287.333333333,64.6864762654,0,6.20400668708,-1
1083.33333333,287.333333333,70.721119332,0,3.90872089656,-1
878.666666667,182.0,46.4119978559,0,3.75153531304,-1
803.0,182.0,44.6909315754,0,3.97892515524,-1
846.0,182.0,45.0342197932,0,4.41224721785,-1
890.666666667,182.0,44.4018148731,0,3.92673940207,-1
921.333333333,182.0,43.8195131813,0,3.81341071676,-1
1056.66666667,182.0,49.1893705987,0,3.79320800944,-1
1593.66666667,579.333333333,125.328383472,0,4.85721476893,-1
1670.66666667,579.333333333,123.937454357,0,4.14988295338,-1
1665.66666667,579.333333333,123.824538772,0,5.03718614838,-1
1706.0,579.333333333,124.80078093,0,4.94481282825,-1
1569.66666667,579.333333333,122.758294798,0,5.38202663467,-1
1621.33333333,579.333333333,122.302560898,0,4.30810695859,-1
1810.66666667,579.333333333,127.436447487,0,5.2341065046,-1
2108.66666667,579.333333333,133.903319383,0,4.84303013394,-1
2189.0,579.333333333,132.816797083,0,4.72166927694,-1
2274.33333333,579.333333333,133.971137222,0,6.02168513029,-1
1977.33333333,295.333333333,79.969064786,0,7.36187801716,-1
2491.66666667,579.333333333,132.387582339,0,5.06044301055,-1
2621.33333333,579.333333333,130.982552657,0,4.61988658263,-1
2793.66666667,579.333333333,137.577045274,0,6.13775730153,-1
2849.33333333,579.333333333,138.595233051,0,5.3040650932,-1
2912.0,579.333333333,136.530541964,0,3.85263142991,-1
2633.0,579.333333333,137.923379926,0,6.50803789753,-1
2574.0,579.333333333,135.692837069,0,6.68810466194,-1
2741.0,579.333333333,141.326869798,0,5.65712992492,-1
2660.66666667,579.333333333,139.424328531,0,6.36753243557,-1
2703.0,579.333333333,141.557655537,0,5.99269759341,-1
2936.0,579.333333333,141.008335901,0,3.23359222151,-1
2431.66666667,328.666666667,103.894202394,0,6.05199047978,-1
2247.0,295.333333333,92.7799667073,0,6.79504406594,-1
2618.33333333,328.666666667,100.428829205,0,3.77258872224,-1
2457.66666667,328.666666667,102.739146751,0,5.05467930583,-1
2510.0,328.666666667,101.355127669,0,4.41224721785,-1
2685.0,328.666666667,98.6248543967,0,3.83321334406,-1
2456.66666667,328.666666667,97.4709344819,0,4.82864139649,-1
2189.0,328.666666667,89.9148450762,0,5.3219227106,-1
2160.33333333,328.666666667,90.0713591296,0,3.81341071676,-1
1759.0,328.666666667,81.3951365499,0,6.50803789753,-1
1735.0,328.666666667,82.4878634652,0,6.40267738187,-1
2042.0,328.666666667,85.901179843,0,4.82136863716,-1
1999.0,328.666666667,86.9111021824,0,5.56434819147,-1
1778.66666667,246.666666667,68.3077110307,0,4.93834031374,-1
1756.33333333,246.666666667,67.5887815118,0,5.59511985013,-1
1688.0,246.666666667,63.9586920264,0,6.18738580584,-1
1901.66666667,246.666666667,65.8749095158,0,4.85721476893,-1
2050.33333333,246.666666667,66.4291522988,0,5.04305126783,-1
2079.0,246.666666667,65.0772190897,0,3.8903717579,-1
2114.0,246.666666667,66.6436626978,0,4.76120011569,-1
2072.0,246.666666667,67.0655566509,0,5.59174716566,-1
1862.66666667,222.0,56.8580009773,0,5.94164242261,-1
1800.0,183.0,51.285831454,0,6.09783183913,-1
1977.0,183.0,53.1342713665,0,5.15366113938,-1
2231.66666667,328.333333333,72.9240563148,0,4.72166927694,-1
2172.66666667,328.333333333,75.3034215092,0,5.23892579103,-1
2198.66666667,328.333333333,77.0101656177,0,5.72147064168,-1
2031.0,328.333333333,73.3971908117,0,6.16668892407,-1
2131.33333333,328.333333333,75.8780175345,0,4.57421654579,-1
2031.66666667,328.333333333,76.767245964,0,5.90774087093,-1
2185.66666667,328.333333333,73.6536115703,0,4.41224721785,-1
2202.66666667,328.333333333,74.0146632118,0,5.36521951636,-1
2072.66666667,328.333333333,72.2229499352,0,6.20948615284,-1
2015.33333333,328.333333333,75.7709197194,0,5.8094706495,-1
1652.33333333,183.0,54.1851226189,0,6.7940293525,-1
1904.0,328.333333333,77.295105494,0,4.0122615755,-1
1742.0,328.333333333,77.0801376428,0,6.1239639794,-1
1793.66666667,328.333333333,80.2392190585,0,5.30855948279,-1
1759.66666667,328.333333333,79.8455784756,0,3.07944154168,-1
1619.66666667,328.333333333,78.4922130738,0,5.04305126783,-1
1659.33333333,328.333333333,78.037346913,0,5.20469261939,-1
1581.0,328.333333333,76.808440343,0,5.68521289366,-1
1683.0,328.333333333,76.4960835183,0,5.29045944115,-1
1670.66666667,328.333333333,76.7755989399,0,4.10608033072,-1
1517.0,328.333333333,73.6080568398,0,2.8458266905,-1
1443.33333333,328.333333333,72.8652194921,0,2.99243016469,-1
1116.0,168.0,43.6056280043,0,4.295836866,-1
1105.33333333,168.0,44.0600480105,0,4.30810695859,-1
1068.33333333,115.666666667,37.6918022609,0,3.48490664979,-1
1173.0,251.333333333,58.2740242712,0,5.43477720006,-1
1240.66666667,251.333333333,57.3515382688,0,5.44656515581,-1
1595.0,424.333333333,98.0713620966,0,5.58836306767,-1
1622.66666667,424.333333333,98.1333910239,0,5.5747109785,-1
1766.66666667,424.333333333,99.0026641723,0,3.75153531304,-1
1717.66666667,424.333333333,99.8420684097,0,3.59026716544,-1
2417.33333333,758.666666667,178.094804133,0,4.91202300543,-1
2870.66666667,758.666666667,188.071939686,0,4.02852209638,-1
3003.66666667,758.666666667,185.378498836,0,3.30258509299,-1
2888.33333333,758.666666667,187.877042421,0,5.75071249128,-1
2742.66666667,758.666666667,186.3838518,0,6.52678007934,-1
2921.66666667,758.666666667,187.604710797,0,5.33946702026,-1
2514.66666667,758.666666667,177.285610896,0,7.05051930989,-1
2801.33333333,758.666666667,189.971448704,0,5.5361773145,-1
2664.33333333,758.666666667,190.887618951,0,6.1416635565,-1
2732.33333333,758.666666667,191.166778068,0,4.07577498123,-1
2038.33333333,430.333333333,125.826186068,0,7.63156250658,-1
2756.0,758.666666667,187.769958041,0,7.06456010218,-1
3062.0,758.666666667,198.659216064,0,5.86496705495,-1
3317.33333333,758.666666667,194.244402315,0,3.85263142991,-1
3497.0,758.666666667,191.336195432,0,3.85263142991,-1
3425.66666667,758.666666667,192.903933379,0,3.79320800944,-1
3183.0,758.666666667,194.599478784,0,4.21887582487,-1
3112.66666667,758.666666667,196.472597279,0,4.7135720667,-1
2714.0,758.666666667,187.524017509,0,4.66356164613,-1
2715.0,758.666666667,187.169984705,0,3.75153531304,-1
2658.0,758.666666667,188.07546189,0,5.07187170637,-1
2465.33333333,758.666666667,176.80681922,0,6.99810908983,-1
2448.0,430.333333333,135.648079925,0,5.01337549969,-1
1959.66666667,402.666666667,114.918544882,0,6.09783183913,-1
1945.66666667,402.666666667,114.19245335,0,6.24526814546,-1
2172.33333333,402.666666667,113.948250113,0,4.76892216179,-1
2379.0,402.666666667,112.998686606,0,3.85263142991,-1
2418.0,402.666666667,111.722949569,0,4.10608033072,-1
2413.0,402.666666667,111.928406823,0,4.16406758837,-1
2369.0,402.666666667,113.221541503,0,5.26267987704,-1
2347.33333333,402.666666667,111.981513025,0,6.05624580535,-1
2615.33333333,402.666666667,116.563024259,0,6.1532915945,-1
3286.66666667,951.0,207.209357871,1,6.9763509093,-1
3622.0,951.0,211.477647136,1,4.91866754815,-1
3492.33333333,951.0,214.251640854,1,5.95347688026,-1
3389.0,951.0,216.326894761,1,5.58156032035,-1
3279.66666667,951.0,216.525713614,1,6.28826703069,-1
3544.33333333,951.0,213.818051762,1,5.0998847426,-1
3741.66666667,951.0,209.71900828,1,4.06027079469,-1
3759.66666667,951.0,209.190527318,1,4.79173683955,-1
3732.0,951.0,209.623002494,1,5.63796000881,-1
3745.66666667,951.0,208.418726626,1,6.7026707458,-1
2989.66666667,394.333333333,117.202431941,0,7.85751406255,-1
3448.33333333,951.0,207.209112739,1,6.97719657531,-1
3466.33333333,951.0,206.635067989,1,3.83321334406,-1
3435.0,951.0,207.615406805,1,3.79320800944,-1
3423.0,951.0,212.131432005,1,6.19665371277,-1
3436.33333333,951.0,212.115741591,1,6.13775730153,-1
3399.66666667,951.0,211.958259343,1,6.16858825988,-1
3627.66666667,951.0,209.333808512,1,5.14841178349,-1
3650.0,951.0,208.620776941,1,5.00733318523,-1
3406.33333333,951.0,209.181512785,1,6.63835466933,-1
3597.66666667,951.0,209.907637789,1,4.95763351668,-1
3337.0,951.0,209.573220905,1,5.31748811354,-1
2453.33333333,394.333333333,105.551757659,0,4.54577861047,-1
2103.0,294.0,85.1372468057,0,3.90872089656,-1
1828.0,281.0,74.2858058608,0,6.68357976734,-1
2032.0,294.0,86.4970868397,0,5.61181472871,-1
1806.66666667,294.0,83.962816159,0,6.11599580976,-1
2052.0,425.0,110.528140495,0,6.17048399504,-1
2214.66666667,425.0,111.628972553,0,4.56482680544,-1
2299.66666667,425.0,111.126335465,0,4.28341434601,-1
2276.0,425.0,111.906622072,0,5.18965474203,-1
2036.33333333,425.0,105.507919911,0,5.12174353641,-1
2775.0,756.333333333,176.886516395,0,4.295836866,-1
2834.0,756.333333333,176.421631507,0,4.32022831913,-1
3038.33333333,756.333333333,175.648179805,0,3.87167962489,-1
3074.33333333,756.333333333,174.623487635,0,4.295836866,-1
2819.66666667,756.333333333,172.672381471,0,4.06027079469,-1
2331.0,756.333333333,162.190012023,0,7.05208916892,-1
2432.0,756.333333333,175.870140584,0,6.28658211033,-1
2542.0,756.333333333,177.92205802,0,5.93925863126,-1
2766.33333333,756.333333333,176.9232922,0,5.257973986,-1
2981.66666667,756.333333333,175.130474415,0,4.61091791264,-1
2301.33333333,425.0,105.015231951,0,7.62848219611,-1
3012.33333333,756.333333333,175.151595715,0,5.9028025893,-1
2908.33333333,756.333333333,174.377260847,0,6.43372200355,-1
3278.33333333,756.333333333,173.312765874,0,5.15366113938,-1
3534.0,756.333333333,170.239220109,0,4.51650822817,-1
3666.0,756.333333333,166.494849532,0,3.75153531304,-1
3845.33333333,756.333333333,164.195761663,0,4.69717825693,-1
3255.33333333,756.333333333,159.410074831,0,6.42934562895,-1
3126.66666667,756.333333333,162.00227479,0,6.25052670271,-1
2986.33333333,756.333333333,164.237378212,0,6.33913936107,-1
3229.66666667,756.333333333,164.197458235,0,5.65396035016,-1
3469.66666667,756.333333333,166.408577948,0,6.01727983681,-1
3352.66666667,505.666666667,122.066715647,0,3.85263142991,-1
3209.33333333,505.666666667,125.21060565,0,6.44817312209,-1
3230.66666667,505.666666667,126.022512056,0,6.49443224547,-1
3474.66666667,505.666666667,125.929013345,0,5.94875989038,-1
3549.0,505.666666667,121.91499771,0,6.41758078737,-1
4019.0,505.666666667,113.576224317,0,4.12089541651,-1
4363.66666666,505.666666667,116.946401597,0,4.45526460293,-1
4322.33333333,505.666666667,115.96103843,0,3.83321334406,-1
3993.66666666,505.666666667,126.835484828,0,6.35027710548,-1
3689.0,505.666666667,128.473559753,0,6.77765232322,-1
3430.66666666,394.0,113.171988327,0,7.22587769068,-1
3944.0,505.666666667,141.321916655,0,6.32949298401,-1
4045.66666667,505.666666667,135.094677755,0,6.56579673168,-1
4179.33333333,505.666666667,138.006017429,0,6.32463467486,-1
4085.33333333,505.666666667,138.284629024,0,6.25922997784,-1
4295.0,505.666666667,146.727584751,0,6.64544689764,-1
4431.66666667,505.666666667,153.556826425,0,6.9763509093,-1
4785.0,505.666666667,152.540835022,0,6.14749447681,-1
5156.66666667,505.666666667,140.938612852,0,5.01938152375,-1
5424.66666666,505.666666667,127.471193966,0,3.77258872224,-1
5570.33333333,505.666666667,130.45684279,0,4.37872452581,-1
5483.33333333,571.666666667,154.318297804,0,6.89989735358,-1
5403.66666666,571.666666667,144.924021327,0,6.15905529921,-1
5412.66666666,571.666666667,146.707452843,0,6.73657229748,-1
5719.66666667,571.666666667,147.087951949,0,5.91510286737,-1
5530.33333333,571.666666667,144.709497354,0,7.08980044783,-1
5563.66666667,571.666666667,141.683042938,0,7.15909538849,-1
5959.33333333,571.666666667,147.251120853,0,6.03695260241,-1
5645.66666667,571.666666667,148.090873717,0,6.65948221576,-1
5556.66666667,571.666666667,154.983820627,0,6.50261783006,-1
5542.0,571.666666667,147.635103582,0,6.91260169868,-1
5617.33333333,473.0,120.733113337,0,7.34855607093,-1
6149.0,571.666666667,125.435001824,0,6.45958551414,-1
5802.33333333,571.666666667,128.193339434,0,6.86173544043,-1
5649.66666667,571.666666667,132.948106199,0,6.97804152678,-1
5492.0,571.666666667,141.415014582,0,6.77144112313,-1
5528.33333333,571.666666667,143.354800903,0,6.55037226136,-1
5050.0,571.666666667,141.123451529,0,6.88517767659,-1
4776.33333333,571.666666667,139.516997504,0,6.36285588768,-1
4845.66666667,571.666666667,137.886503439,0,4.72166927694,-1
4511.33333333,571.666666667,146.134398531,0,6.10796363805,-1
4221.33333333,571.666666667,147.605196995,0,6.6813096188,-1
4037.33333333,571.666666667,145.048991906,0,6.41313304098,-1
3666.33333333,394.666666667,117.173134234,0,5.9028025893,-1
3564.66666667,394.666666667,116.691373801,0,5.1692458704,-1
3279.0,394.666666667,110.9815586,0,5.36521951636,-1
2992.0,359.666666667,97.3733691307,0,5.69134788223,-1
2807.0,359.666666667,87.6968895938,0,5.17950237056,-1
2634.33333333,359.666666667,83.3744120974,0,4.97029191355,-1
2367.0,293.333333333,63.9248939262,0,4.93834031374,-1
2239.0,293.333333333,60.5375260767,0,5.33946702026,-1
2643.33333333,452.333333333,95.1635128601,0,5.42284862919,-1
2492.66666667,452.333333333,96.5072193477,0,5.75932086582,-1
2277.0,452.333333333,88.2287521072,0,5.70953020131,-1
2339.0,452.333333333,88.6014350093,0,5.14841178349,-1
2297.0,452.333333333,88.7937238594,0,5.37785126326,-1
2192.33333333,452.333333333,90.4209672739,0,5.92725368516,-1
2354.0,452.333333333,92.3971586177,0,5.52540521752,-1
2485.66666667,452.333333333,95.0018072788,0,5.28128506487,-1
3148.33333333,746.333333333,166.204623039,0,5.50718977763,-1
3837.33333333,762.0,211.788983531,0,5.70652268025,-1
3970.66666667,762.0,215.586432905,0,7.11441937117,-1
4570.0,762.0,218.635396283,0,4.87120101091,-1
4945.0,762.0,224.603986593,0,5.27666611902,-1
5072.66666667,762.0,229.300029882,0,6.47506787829,-1
5896.33333333,805.0,255.159390999,0,5.69134788223,-1
6376.0,805.0,248.38979863,0,3.90872089656,-1
6415.66666667,805.0,250.329862804,0,6.27128869416,-1
6563.33333333,805.0,247.924304671,0,6.39665326727,-1
6744.0,805.0,248.582706367,0,7.61517232793,-1
6680.66666667,805.0,249.809938335,0,7.63594655569,-1
7703.0,877.333333333,283.987432653,1,7.26593472559,-1
8451.33333333,877.333333333,282.268889405,1,6.60457582457,-1
8400.66666667,877.333333333,286.8516439,1,7.17863543796,-1
9013.66666667,877.333333333,278.071200581,1,7.0185932145,-1
9481.33333333,933.666666667,275.865599705,2,7.69084227742,-1
10480.6666667,933.666666667,295.158580818,3,7.11441937117,-1
11059.3333333,933.666666667,277.136406541,3,6.68923269364,-1
11818.6666667,933.666666667,257.750427873,3,6.74193424062,-1
12151.6666667,1014.66666667,264.530306522,4,7.68294367057,-1
12862.0,1014.66666667,241.520566675,4,4.20545280454,-1
11441.0,1014.66666667,275.382634235,3,7.77688700378,-1
11154.6666667,1014.66666667,290.665340575,4,7.40412592209,-1
10723.6666667,1014.66666667,305.177916709,4,7.41727679655,-1
10506.3333333,1014.66666667,319.126166356,4,7.37955740549,-1
9726.33333334,1014.66666667,318.889002268,3,7.83911948659,-1
9505.0,1014.66666667,329.80816454,3,7.78596422193,-1
9084.33333334,1014.66666667,346.595904714,4,7.27476202124,-1
8400.0,1014.66666667,347.903067599,4,7.67666355782,-1
7926.33333333,933.666666667,339.394237058,3,7.92231543032,-1
8561.66666667,1014.66666667,368.828233204,4,6.05624580535,-1
7766.33333334,1014.66666667,367.067063492,4,6.18178355029,-1
7729.66666667,1014.66666667,368.237919841,4,6.3115625933,-1
6969.33333334,1014.66666667,353.91911311,3,5.63796000881,-1
6450.33333334,1014.66666667,352.241057281,3,4.45526460293,-1
5846.66666667,1014.66666667,350.671750673,3,4.83586164446,-1
5185.0,1014.66666667,349.427565899,3,5.95112116656,-1
4379.66666667,1014.66666667,312.763530365,2,4.40119738166,-1
3510.66666667,1014.66666667,273.803165696,1,4.42317628838,-1
3232.0,1014.66666667,262.29911134,1,4.76120011569,-1
2413.0,1014.66666667,219.154540676,1,5.49237469184,-1
1480.33333333,264.666666667,74.7049469616,0,4.19184715248,-1
1350.66666667,264.666666667,72.4999981756,0,3.53897387106,-1
1184.0,264.666666667,68.4370177377,0,3.87167962489,-1
1007.66666667,264.666666667,59.8439151451,0,3.61495977804,-1
910.666666667,264.666666667,59.0369850896,0,4.14988295338,-1
895.666666667,264.666666667,59.2777338927,0,4.13549421593,-1
922.0,264.666666667,59.386599953,0,3.83321334406,-1
793.0,264.666666667,55.3386687044,0,3.83321334406,-1
530.333333333,89.3333333333,19.1899582426,0,6.57847117258,-1
767.333333334,264.666666667,55.6610252821,0,4.04452243772,-1
743.666666667,264.666666667,55.7691576215,0,3.83321334406,-1
672.0,264.666666667,54.481699272,0,3.75153531304,-1
756.0,264.666666667,56.973970665,0,3.79320800944,-1
1012.0,274.666666667,76.9471370798,0,4.10608033072,-1
1017.33333333,274.666666667,76.8473474808,0,3.77258872224,-1
1281.0,277.666666667,91.1467680906,0,3.79320800944,-1
1317.33333333,277.666666667,91.9339508711,0,5.19970507788,-1
1689.33333333,340.666666667,108.534138681,0,3.51230562397,-1
1713.0,340.666666667,107.998772774,0,3.7080502011,-1
1734.33333333,340.666666667,107.557679862,0,4.17805383035,-1
1497.66666667,340.666666667,99.615119122,0,3.73002910782,-1
1544.33333333,340.666666667,98.9812819674,0,3.79320800944,-1
1472.66666667,340.666666667,98.9400759266,0,5.69134788223,-1
1335.66666667,340.666666667,87.2533742773,0,6.61555824124,-1
1632.66666667,340.666666667,97.0158008187,0,3.81341071676,-1
1381.33333333,340.666666667,86.0284406031,0,6.6264213535,-1
1885.66666667,352.666666667,113.726547091,0,5.70048036579,-1
1658.66666667,352.666666667,98.276790308,0,6.8309044821,-1
1904.33333333,352.666666667,114.333210699,0,4.76892216179,-1
2111.0,352.666666667,116.434510512,0,4.85721476893,-1
2494.0,370.0,127.61174375,0,3.96183072188,-1
2730.33333333,370.0,133.767853479,0,5.22926388012,-1
2853.33333334,370.0,130.345799753,0,4.63758615973,-1
3214.66666667,384.0,138.213639171,0,4.79173683955,-1
3122.66666667,384.0,141.001848087,0,5.01337549969,-1
3013.33333333,384.0,137.174447695,0,4.4657359028,-1
2766.66666667,384.0,128.222762096,0,6.86552332375,-1
3147.66666667,384.0,136.870308984,0,3.99573227355,-1
3158.0,384.0,136.554681181,0,3.7080502011,-1
2634.33333333,384.0,132.750029644,0,6.40717177146,-1
2579.0,384.0,121.524554969,0,6.91350300564,-1
2874.66666667,384.0,129.855061654,0,6.73549645015,-1
3284.33333333,384.0,132.769332932,0,5.67904003456,-1
3715.66666667,776.333333333,183.151656014,0,6.95064255259,-1
4855.33333333,821.666666667,226.506940688,0,4.33220451018,-1
5478.0,821.666666667,255.766681251,0,5.9558270576,-1
6549.0,1075.0,304.914880134,1,5.50718977763,-1
6969.66666667,1075.0,313.282909654,1,6.78689738137,-1
7824.33333333,1075.0,340.791446567,2,5.74782648639,-1
9055.0,1160.33333333,366.895346438,3,4.21887582487,-1
10054.0,1160.33333333,389.149873197,4,5.90527477844,-1
11141.3333333,1458.0,444.165778313,5,6.64426834712,-1
11484.0,1458.0,441.565240825,5,6.42495001748,-1
11373.3333333,1458.0,443.45217586,5,7.65458198122,-1
12234.6666667,1458.0,442.127314734,6,7.71133479781,-1
12319.6666667,1458.0,442.229194928,6,7.66057514984,-1
12077.3333333,1458.0,427.362002851,5,7.98007594056,-1
12434.6666667,1458.0,442.176906229,6,7.53378883793,-1
12152.0,1458.0,431.667863576,5,7.90441637772,-1
11674.6666667,1458.0,436.415737305,5,8.05646259914,-1
11603.6666667,1458.0,444.839101165,5,8.02464903045,-1
11318.3333333,1160.33333333,413.007168417,5,8.28482091257,-1
12052.0,1458.0,462.357511298,6,7.48768401848,-1
11715.3333333,1458.0,471.681077238,6,7.61784851151,-1
11333.0,1458.0,466.965499558,5,7.92198686123,-1
11286.6666667,1458.0,483.45049702,6,7.05990170866,-1
10971.6666667,1458.0,476.199181904,6,5.37785126326,-1
10300.6666667,1458.0,480.579634042,6,5.72147064168,-1
9383.33333333,1458.0,466.294406512,5,5.75932086582,-1
8799.99999999,1458.0,468.711914431,5,3.51230562397,-1
7810.66666666,1458.0,457.335588175,4,3.07944154168,-1
6586.66666666,1458.0,428.400714235,3,5.29955041285,-1
5471.0,1458.0,390.423382317,2,5.21459369037,-1
4194.33333333,1014.33333333,277.166127861,1,4.61988658263,-1
3623.0,1014.33333333,258.0582314,1,5.70652268025,-1
2866.33333333,1014.33333333,223.364764431,1,5.96981329958,-1
1865.66666667,428.333333333,97.7203276389,0,6.06259503303,-1
1465.33333333,162.0,61.5576814715,0,5.96051090692,-1
1941.66666667,575.333333333,125.952172413,0,6.08759633523,-1
2280.66666667,575.333333333,131.653021194,0,-0.0986122886691,-1
2203.66666667,575.333333333,132.526417452,0,2.09861228867,-1
2361.66666667,575.333333333,131.423550916,0,1.69314718056,-1
2373.0,575.333333333,130.997921951,0,1.84729786039,-1
2276.33333333,575.333333333,132.699016954,0,6.01727983681,-1
2227.0,575.333333333,133.490544222,0,6.06890420222,-1
2348.66666667,575.333333333,132.998480319,0,4.21887582487,-1
2366.33333333,575.333333333,133.150060549,0,4.32022831913,-1
2256.66666667,575.333333333,133.970870639,0,3.53897387106,-1
1565.0,289.666666667,80.580778755,0,7.35494958297,-1
1913.66666667,575.333333333,130.605320471,0,6.6687308366,-1
2015.33333333,575.333333333,137.526559243,0,4.74557479779,-1
1964.33333333,575.333333333,135.440207233,0,6.13186915891,-1
2127.0,575.333333333,134.856107912,0,3.97892515524,-1
2033.0,575.333333333,135.486349104,0,5.83363289878,-1
2453.0,575.333333333,140.860434135,0,4.2708355638,-1
2429.0,575.333333333,140.618672697,0,4.21887582487,-1
2264.33333333,575.333333333,141.513902695,0,5.8751973232,-1
2529.0,575.333333333,139.276469372,0,3.96183072188,-1
2513.0,575.333333333,139.825367274,0,4.36729582999,-1
2440.0,575.333333333,137.86868033,0,6.32625673524,-1
2071.33333333,323.0,92.3792247425,0,3.79320800944,-1
1745.33333333,323.0,83.9705195182,0,5.33510971489,-1
1777.66666667,323.0,83.540640555,0,3.77258872224,-1
1634.0,323.0,82.1179755277,0,3.63905732962,-1
1320.66666667,205.666666667,61.1015851162,0,6.77765232322,-1
1408.66666667,323.0,82.535575142,0,5.83363289878,-1
1424.66666667,323.0,83.4878979286,0,5.60849797608,-1
1439.33333333,323.0,80.2898551908,0,6.18178355029,-1
1484.0,323.0,82.807071625,0,4.06027079469,-1
1409.33333333,323.0,82.3252582635,0,5.75645963353,-1
1509.33333333,323.0,82.1409003678,0,3.85263142991,-1
1318.0,323.0,76.9971964033,0,4.16406758837,-1
1410.0,323.0,76.3246408026,0,3.66258782702,-1
1454.66666667,323.0,77.8528254713,0,4.16406758837,-1
1667.66666667,323.0,83.1608818804,0,3.73002910782,-1
1712.66666667,323.0,81.9888429628,0,3.79320800944,-1
1520.0,220.666666667,62.0127483053,0,3.83321334406,-1
1394.66666667,220.666666667,61.3068697222,0,5.76501888693,-1
1413.0,220.666666667,61.8353805334,0,3.94443897917,-1
1315.66666667,220.666666667,57.6591012562,0,4.68051120444,-1
1329.33333333,220.666666667,57.2844660699,0,4.40119738166,-1
1244.33333333,220.666666667,56.3342115081,0,4.02852209638,-1
1181.66666667,220.666666667,55.7337538907,0,5.59511985013,-1
1192.33333333,220.666666667,53.6122222107,0,5.87009527131,-1
1120.0,131.0,41.5831162318,0,6.39665326727,-1
1286.33333333,220.666666667,55.1894620338,0,5.09434456222,-1
1299.66666667,220.666666667,52.6369466074,0,5.8751973232,-1
1806.66666667,493.0,107.290876943,0,5.61181472871,-1
1975.33333333,493.0,104.970716501,0,4.0122615755,-1
1804.0,493.0,106.845326568,0,5.61841541273,-1
1891.33333333,493.0,105.625839592,0,4.23212105162,-1
1920.33333333,493.0,105.053654722,0,4.09104245336,-1
1914.66666667,493.0,105.238703223,0,4.49650756147,-1
1902.66666667,493.0,105.29559551,0,5.18459144007,-1
1909.33333333,493.0,104.697389587,0,4.47609868983,-1
1799.66666667,493.0,105.382736556,0,4.37872452581,-1
1547.66666667,493.0,101.496956975,0,5.60183128472,-1
1125.0,131.0,34.6772648635,0,7.20050917404,-1
1417.33333333,493.0,101.174196263,0,5.65712992492,-1
1462.33333333,493.0,100.826523448,0,4.295836866,-1
1635.0,493.0,103.873725232,0,4.41224721785,-1
1677.66666667,493.0,106.651005795,0,5.17950237056,-1
1734.0,493.0,105.684548585,0,4.56482680544,-1
1823.33333333,493.0,105.136769076,0,4.72166927694,-1
1974.0,493.0,108.466482278,0,5.28128506487,-1
2148.66666667,493.0,108.648386816,0,3.87167962489,-1
2339.0,493.0,112.404887483,0,4.66356164613,-1
2524.33333333,493.0,112.265284839,0,4.42317628838,-1
2449.33333333,493.0,114.115726093,0,4.57421654579,-1
1943.0,244.0,77.5813960681,0,5.20965540873,-1
1746.33333333,244.0,74.5784910196,0,6.27981389498,-1
1790.66666667,244.0,74.9882671599,0,6.18738580584,-1
1920.0,244.0,77.1714644194,0,4.94481282825,-1
1956.66666667,244.0,79.0841056547,0,5.76501888693,-1
2109.33333333,285.333333333,84.669575628,0,6.36908643744,-1
2149.66666667,285.333333333,85.9865561043,0,6.22395295126,-1
2370.0,351.0,98.325512199,0,6.49716822529,-1
2516.33333333,351.0,97.9590401391,0,6.32949298401,-1
2692.66666667,351.0,97.4289104557,0,4.39002408107,-1
2912.66666667,351.0,96.9559983109,0,3.90872089656,-1
3162.0,351.0,101.525538268,0,4.62877553005,-1
3259.66666667,351.0,100.780362579,0,4.98898404656,-1
3182.66666667,351.0,99.9044728913,0,4.47609868983,-1
3032.33333333,351.0,102.931510079,0,6.12197788143,-1
2881.0,351.0,99.7153488368,0,6.65365808747,-1
3009.0,351.0,106.770016896,0,4.96398274436,-1
2506.0,304.333333333,98.4086152506,0,6.86078622347,-1
2577.33333333,351.0,111.855294369,0,5.83892391641,-1
2431.66666667,351.0,109.549049197,0,4.65497790244,-1
2037.66666667,351.0,106.226953305,0,6.47785728038,-1
2025.0,351.0,99.6592607536,0,6.71812359193,-1
2250.33333333,351.0,106.471990007,0,6.20033695819,-1
2344.66666667,351.0,107.318450117,0,5.58156032035,-1
2239.66666667,351.0,107.988089682,0,6.09986642782,-1
2401.33333333,351.0,106.143952368,0,3.8903717579,-1
2468.0,351.0,108.250869713,0,3.53897387106,-1
2260.66666667,351.0,101.334017333,0,3.30258509299,-1
2314.0,351.0,101.61291319,0,4.47609868983,-1
2054.33333333,304.333333333,84.5879961963,0,3.36712361413,-1
2078.0,304.333333333,85.3333519344,0,3.56494935746,-1
2132.33333333,304.333333333,87.4460135797,0,5.40671924726,-1
1962.66666667,304.333333333,81.4371929901,0,5.79303192316,-1
1918.66666667,229.0,69.1817176204,0,4.87812145375,-1
1857.0,229.0,64.6296408484,0,3.73002910782,-1
1832.66666667,229.0,66.1224133329,0,4.87120101091,-1
1808.0,320.333333333,76.5833709,0,6.43372200355,-1
2040.33333333,320.333333333,80.7807470906,0,5.3219227106,-1
2035.66666667,320.333333333,78.7980272629,0,5.85463104562,-1
2139.33333333,320.333333333,76.8484422013,0,5.2437219633,-1
2162.0,320.333333333,75.1750021774,0,6.02607110222,-1
2261.0,320.333333333,71.8548691615,0,6.08759633523,-1
2359.33333333,320.333333333,70.4598763828,0,5.68521289366,-1
2235.66666667,320.333333333,69.8081081083,0,6.23644196283,-1
2258.33333333,320.333333333,73.3652563994,0,5.46206934235,-1
2241.66666667,320.333333333,73.4032170625,0,5.66343909411,-1
2041.33333333,229.0,53.7898664755,0,6.7693621203,-1
2259.33333333,320.333333333,72.7939179969,0,5.57126863431,-1
2108.33333333,320.333333333,67.9555916305,0,5.11087386417,-1
2058.0,320.333333333,69.9024717413,0,5.00733318523,-1
1861.33333333,320.333333333,71.4985551339,0,5.9248353043,-1
1841.33333333,320.333333333,73.0093202718,0,5.78192069773,-1
1914.66666667,320.333333333,73.517542808,0,5.05467930583,-1
1787.0,320.333333333,72.956466689,0,4.63758615973,-1
1717.66666667,320.333333333,73.4223305564,0,4.73766961828,-1
1534.0,320.333333333,70.7999753385,0,4.93182563272,-1
1484.0,320.333333333,71.3767780475,0,4.37872452581,-1
1456.66666667,320.333333333,71.3987165121,0,4.74557479779,-1
1151.33333333,164.0,43.2935226163,0,4.74557479779,-1
1186.33333333,164.0,43.2511552893,0,3.94443897917,-1
1231.66666667,164.0,44.138478576,0,3.66258782702,-1
1233.33333333,164.0,44.9410254355,0,4.4446824936,-1
977.0,119.333333333,33.6924936296,0,6.09986642782,-1
1073.33333333,164.0,38.8192869208,0,3.68557734525,-1
1006.66666667,164.0,40.0976057816,0,4.76120011569,-1
1014.0,164.0,39.952094329,0,3.59026716544,-1
988.666666666,164.0,40.5365273909,0,3.7080502011,-1
912.666666666,164.0,39.7717761722,0,5.518158809,-1
977.0,164.0,40.8981895047,0,3.7080502011,-1
852.0,164.0,39.4656169423,0,5.68521289366,-1
820.0,164.0,40.8165660424,0,5.62169948794,-1
837.333333333,164.0,42.7607655308,0,5.29955041285,-1
914.666666667,164.0,42.5248075746,0,3.63905732962,-1
853.0,164.0,42.8112505611,0,5.19469253606,-1
786.333333333,108.333333333,32.8055437953,0,3.96183072188,-1
849.666666667,108.333333333,33.187928895,0,3.75153531304,-1
895.0,108.333333333,35.0740939084,0,3.90872089656,-1
862.666666667,108.333333333,35.3584666526,0,4.94481282825,-1
893.666666667,108.333333333,35.1394576151,0,3.83321334406,-1
817.333333333,108.333333333,33.7404973885,0,3.36712361413,-1
956.333333333,147.0,40.3192091234,0,2.29928298413,-1
986.000000001,147.0,43.7781383436,0,3.1202635362,-1
896.333333334,147.0,42.6316882913,0,4.4657359028,-1
899.666666667,147.0,42.2293498579,0,4.09104245336,-1
900.0,147.0,41.9599771514,0,4.91866754815,-1
868.333333334,147.0,41.1879804731,0,5.30855948279,-1
1026.0,193.666666667,52.0018772556,0,5.51085950652,-1
1091.66666667,193.666666667,52.5898676543,0,3.66258782702,-1
1227.33333333,193.666666667,56.0688399632,0,3.42774823595,-1
1322.0,193.666666667,58.947461138,0,3.19722457734,-1
1250.66666667,193.666666667,56.3107778646,0,5.99043258678,-1
1305.0,193.666666667,55.5102164199,0,5.96051090692,-1
1495.0,193.666666667,56.0685663005,0,4.57421654579,-1
1549.66666667,193.666666667,55.0274150049,0,5.20469261939,-1
1600.33333333,193.666666667,53.8552046583,0,4.75341797525,-1
1624.33333333,193.666666667,52.94383567,0,5.07187170637,-1
1498.33333333,151.0,45.6721987149,0,6.26613846819,-1
1630.0,193.666666667,52.1312750782,0,2.54044504095,-1
1405.66666667,193.666666667,52.8634108968,0,6.01727983681,-1
1445.66666667,193.666666667,52.2301125414,0,5.96981329958,-1
1531.66666667,193.666666667,53.5458909149,0,5.42684065046,-1
1649.66666667,193.666666667,51.7309635769,0,5.10539439841,-1
1679.33333333,202.666666667,56.7684287026,0,5.46206934235,-1
1561.0,202.666666667,55.6752488395,0,5.54683460897,-1
1571.66666667,202.666666667,56.8920634036,0,5.06617368525,-1
1509.66666667,202.666666667,58.7266107895,0,5.12713438505,-1
1604.33333333,202.666666667,59.8234085593,0,5.08317126162,-1
1738.33333333,202.666666667,60.2649090206,0,3.83321334406,-1
1918.33333333,369.666666667,83.8334642936,0,3.56494935746,-1
2042.66666667,369.666666667,84.1706348272,0,4.85721476893,-1
2030.0,369.666666667,83.2480897346,0,4.61091791264,-1
1866.66666667,369.666666667,83.9646971672,0,5.64439089914,-1
1727.0,369.666666667,80.4564162801,0,6.3115625933,-1
1916.66666667,369.666666667,83.4482287309,0,4.4657359028,-1
1903.0,369.666666667,83.005775282,0,3.33537491581,-1
2034.0,369.666666667,87.8633769889,0,3.15948424935,-1
2017.33333333,369.666666667,90.6267448291,0,5.9028025893,-1
1959.33333333,369.666666667,91.4672318231,0,6.01285505083,-1
1905.66666667,225.0,74.2474021066,0,6.91260169868,-1
2282.66666667,369.666666667,94.8600082439,0,6.09579310243,-1
2375.0,369.666666667,93.4115233707,0,5.85203026392,-1
2498.66666667,369.666666667,91.0784445893,0,4.86423234159,-1
2525.66666667,369.666666667,90.002630767,0,4.75341797525,-1
2476.33333333,369.666666667,91.3292520234,0,5.37785126326,-1
2394.33333333,369.666666667,88.6010080324,0,4.93834031374,-1
2411.33333333,369.666666667,87.6599249023,0,6.41015684831,-1
2552.66666667,369.666666667,86.9588238021,0,6.12197788143,-1
2977.66666667,369.666666667,86.188454769,0,3.97892515524,-1
2668.0,369.666666667,90.6551025539,0,6.4161004022,-1
2841.0,369.666666667,98.3832802934,0,6.23466733947,-1
2741.33333333,286.0,82.7496543256,0,5.24849524205,-1
2653.0,286.0,83.3049951817,0,5.50718977763,-1
2771.0,286.0,84.4425699458,0,5.07753744391,-1
2857.0,286.0,83.6767115959,0,5.518158809,-1
2849.0,286.0,84.1174443528,0,5.52540521752,-1
2720.0,286.0,82.2379049823,0,6.39966986081,-1
2913.66666667,286.0,82.081727887,0,5.56086992709,-1
2636.66666667,286.0,72.1655760759,0,6.65482562993,-1
2800.33333333,286.0,77.5024355309,0,4.41224721785,-1
2553.33333333,285.666666667,71.638669319,0,6.65599181082,-1
2582.33333333,286.0,76.8100040332,0,6.02607110222,-1
2509.0,286.0,76.790231687,0,5.56086992709,-1
2352.66666667,286.0,75.3279426362,0,6.36753243557,-1
2658.0,348.0,92.6790245271,0,6.11399380708,-1
2825.33333333,348.0,89.4765938476,0,4.56482680544,-1
2783.33333333,348.0,91.2889476206,0,5.37785126326,-1
2973.33333333,348.0,100.462480822,0,5.78192069773,-1
2798.0,348.0,100.156274716,0,5.91754487103,-1
3068.66666667,348.0,105.402217781,0,5.33073334029,-1
2908.66666667,348.0,99.2939865611,0,4.34403896782,-1
2845.33333333,348.0,100.852070934,0,5.79026566966,-1
2638.66666667,348.0,96.7028366923,0,5.05467930583,-1
2596.0,348.0,95.8777743747,0,4.47609868983,-1
2320.0,322.0,82.9354214253,0,6.85220247977,-1
2383.66666667,348.0,97.4740774114,0,5.55737952215,-1
2235.33333333,348.0,98.8720460064,0,5.54329478227,-1
2013.66666667,348.0,85.4411645087,0,6.77455154554,-1
2216.66666667,348.0,99.7528798434,0,5.14841178349,-1
2118.66666667,348.0,96.2036805333,0,6.72249518359,-1
2235.66666667,348.0,107.282207088,0,5.35670882669,-1
2235.0,348.0,107.315378563,0,5.07753744391,-1
2308.0,348.0,104.981169891,0,3.81341071676,-1
2317.0,348.0,108.612460918,0,5.43477720006,-1
2233.33333333,348.0,109.580790905,0,5.90774087093,-1
2379.0,348.0,107.102146763,0,4.23212105162,-1
2074.33333333,322.0,93.4044570275,0,3.81341071676,-1
2046.0,322.0,94.3303381655,0,4.72970144863,-1
2147.33333333,322.0,95.2941005964,0,4.17805383035,-1
1654.33333333,305.666666667,71.7478093614,0,6.5746856791,-1
1843.33333333,305.666666667,82.6208430344,0,4.25809653802,-1
1769.66666667,263.666666667,78.1304904949,0,5.03128642625,-1
1860.33333333,263.666666667,80.4296728523,0,5.07753744391,-1
1780.33333333,263.666666667,76.8530584466,0,6.28320372874,-1
1977.33333333,263.666666667,78.2686696966,0,4.21887582487,-1
1901.33333333,263.666666667,80.0252374213,0,5.21950770518,-1
1832.0,263.666666667,79.5553017199,0,4.54577861047,-1
1780.0,263.666666667,80.1752346674,0,5.52178857705,-1
1697.0,263.666666667,77.2328781046,0,6.1799091355,-1
1794.0,263.666666667,80.3640427373,0,5.22926388012,-1
1842.66666667,263.666666667,79.0607997234,0,3.68557734525,-1
1561.33333333,230.0,65.3418766685,0,6.56961595975,-1
1669.66666667,262.333333333,73.9556638239,0,6.14361097679,-1
1681.33333333,262.333333333,77.5263123109,0,5.7621739348,-1
1835.66666667,262.333333333,78.0625749541,0,4.72970144863,-1
1720.33333333,262.333333333,74.1750860211,0,4.93834031374,-1
2095.0,381.0,96.9722837182,0,4.48635519,-1
2113.33333333,381.0,96.6988397472,0,4.42317628838,-1
2181.66666667,381.0,95.0802779721,0,3.96183072188,-1
2364.33333333,381.0,103.32397295,0,4.39002408107,-1
2752.0,554.333333333,140.59149989,0,3.92673940207,-1
2483.0,554.333333333,142.343174635,0,6.43807930892,-1
2766.66666667,554.333333333,140.995740864,0,4.76892216179,-1
2646.0,554.333333333,136.768701748,0,3.61495977804,-1
2372.0,554.333333333,139.972072044,0,5.92725368516,-1
2315.33333333,554.333333333,141.720143035,0,5.51451581772,-1
2075.33333333,554.333333333,126.81826976,0,6.94279937513,-1
2343.33333333,554.333333333,141.632345049,0,5.43477720006,-1
2326.0,554.333333333,141.986702932,0,5.518158809,-1
2128.66666667,554.333333333,136.384134983,0,6.65248918027,-1
1894.66666667,381.0,98.335725018,0,7.31776619052,-1
2439.0,554.333333333,139.336226901,0,3.3978952728,-1
2340.0,554.333333333,141.162638386,0,5.71551824316,-1
2126.33333333,554.333333333,139.872120356,0,5.7184988713,-1
2204.66666667,554.333333333,138.979753769,0,4.07577498123,-1
2219.0,554.333333333,138.52508798,0,3.61495977804,-1
2045.33333333,554.333333333,140.287982341,0,5.51451581772,-1
2131.33333333,554.333333333,139.248802869,0,4.12089541651,-1
1901.0,554.333333333,124.412958035,0,4.12089541651,-1
1872.33333333,554.333333333,124.694275866,0,4.28341434601,-1
2295.0,554.333333333,159.772139336,0,5.00125413916,-1
2612.33333333,578.333333333,185.967727757,0,4.42317628838,-1
2209.33333333,578.333333333,157.691558155,0,4.0122615755,-1
2350.33333333,578.333333333,156.322597526,0,3.81341071676,-1
2250.33333333,578.333333333,157.823164722,0,4.4446824936,-1
2301.0,578.333333333,157.81660041,0,3.99573227355,-1
3222.66666667,965.333333333,243.488089514,1,4.73766961828,-1
3554.66666667,965.333333333,248.834296025,1,5.6882850927,-1
3499.0,965.333333333,249.38587427,1,6.01506989117,-1
3824.66666667,965.333333333,246.489181105,1,5.08877351717,-1
3529.33333333,965.333333333,231.471611387,1,7.29588081855,-1
3917.0,965.333333333,234.079629647,1,7.36015040371,-1
4370.66666666,965.333333333,248.341151469,1,5.94875989038,-1
4393.0,965.333333333,247.459526913,1,5.9994619935,-1
4516.0,965.333333333,244.324994985,1,4.2708355638,-1
4413.66666666,965.333333333,246.624154423,1,6.01948490937,-1
3671.33333333,578.333333333,173.627238616,0,7.87247346484,-1
4391.0,965.333333333,236.952272336,1,7.02183208372,-1
4945.66666666,965.333333333,235.285751069,1,5.3524261649,-1
4756.33333333,965.333333333,237.956289615,1,6.55037226136,-1
4769.66666666,965.333333333,238.68879032,1,6.34710753072,-1
4618.0,965.333333333,230.975014109,1,7.10998804929,-1
4550.0,965.333333333,224.648020987,1,5.26267987704,-1
4131.33333333,965.333333333,208.751357123,1,5.0998847426,-1
4188.0,965.333333333,207.071569561,1,4.06027079469,-1
4172.0,965.333333333,207.779637544,1,4.6720723358,-1
4150.0,965.333333333,208.210771568,1,5.63472898823,-1
4164.66666667,965.333333333,209.335097556,1,6.22932449506,-1
3194.66666667,450.333333333,113.066473869,0,6.56834450376,-1
3255.33333333,450.333333333,105.349760122,0,5.59511985013,-1
3179.0,450.333333333,108.599840685,0,5.75932086582,-1
3168.66666667,450.333333333,110.010218381,0,5.9994619935,-1
3033.0,450.333333333,112.122360881,0,5.5538768916,-1
2567.33333333,310.0,89.7587448394,0,6.00394630595,-1
2511.66666667,310.0,91.4346529889,0,6.06680556557,-1
2499.66666667,310.0,92.3591964237,0,6.01285505083,-1
2600.33333333,310.0,90.8986382399,0,5.21950770518,-1
2473.33333333,310.0,85.2978007619,0,6.52012669485,-1
2626.66666667,310.0,89.7182568292,0,5.257973986,-1
2218.33333333,278.666666667,80.4851197263,0,6.73657229748,-1
2264.0,310.0,85.785363387,0,3.94443897917,-1
2011.33333333,310.0,78.3464055287,0,6.63001632442,-1
2226.33333333,310.0,86.155832729,0,4.04452243772,-1
2098.66666667,310.0,87.5106735743,0,4.65497790244,-1
2065.0,310.0,87.7367273913,0,4.21887582487,-1
2616.33333333,715.333333333,161.17953774,0,4.68887945411,-1
2480.33333333,715.333333333,162.470624125,0,4.68051120444,-1
2301.0,715.333333333,164.247413065,0,5.54329478227,-1
2290.66666667,715.333333333,164.577671793,0,5.348125083,-1
2127.33333333,715.333333333,161.264444823,0,3.87167962489,-1
2089.66666667,715.333333333,161.825956545,0,3.81341071676,-1
1928.66666667,715.333333333,158.793038577,0,5.66343909411,-1
2108.33333333,715.333333333,158.578463546,0,5.3040650932,-1
1960.66666667,715.333333333,152.806191874,0,4.64631983969,-1
2395.66666667,715.333333333,172.053444693,0,4.86423234159,-1
1877.0,465.333333333,105.3256477,0,7.57274863452,-1
2919.0,715.333333333,178.094201041,0,4.10608033072,-1
2957.0,715.333333333,177.27607382,0,4.23212105162,-1
3308.0,715.333333333,185.24514003,0,4.7135720667,-1
3582.66666667,715.333333333,188.927988017,0,4.28341434601,-1
3533.66666667,715.333333333,190.436417474,0,4.4657359028,-1
3450.0,715.333333333,189.307547707,0,6.47367025402,-1
3988.33333333,715.333333333,198.547752576,0,6.11599580976,-1
4000.0,715.333333333,199.196680344,0,5.55737952215,-1
3785.0,715.333333333,188.786685702,0,7.14275399465,-1
4389.33333333,715.333333333,198.826682655,0,6.23466733947,-1
4225.0,715.333333333,194.419094039,0,6.92425579741,-1
3860.33333333,483.333333333,161.449187708,0,5.39444915467,-1
3659.33333333,483.333333333,150.956502372,0,7.00717384081,-1
3986.33333333,483.333333333,152.613295585,0,6.87023808967,-1
4452.0,483.333333333,147.65387454,0,4.51650822817,-1
4434.0,483.333333333,147.932513571,0,5.94402054501,-1
4114.0,465.333333333,133.420227637,0,7.18070654675,-1
4327.66666667,483.333333333,149.166867961,0,4.83586164446,-1
4202.0,483.333333333,152.972624379,0,6.43372200355,-1
4252.66666667,483.333333333,147.86234661,0,6.89989735358,-1
4254.0,483.333333333,137.462162182,0,5.2437219633,-1
4187.0,483.333333333,138.377273572,0,5.05467930583,-1
3741.0,483.333333333,140.279782792,0,5.98816243825,-1
3585.0,483.333333333,137.646014824,0,6.70489296894,-1
3385.66666667,483.333333333,131.182880545,0,6.22574667371,-1
3325.0,483.333333333,124.305358783,0,5.74782648639,-1
3477.0,483.333333333,119.301026486,0,5.00733318523,-1
3492.33333333,483.333333333,117.484320692,0,3.7080502011,-1
2863.0,365.0,96.7015454317,0,6.41015684831,-1
2859.0,365.0,91.2697815044,0,6.64190707094,-1
2855.0,365.0,94.4700590848,0,6.14361097679,-1
2573.0,300.333333333,82.4976478741,0,5.6882850927,-1
2720.66666667,300.333333333,77.8946819846,0,3.83321334406,-1
2679.0,300.333333333,80.2721857776,0,5.36521951636,-1
2628.0,300.333333333,80.5847084631,0,5.52900882502,-1
2420.0,282.0,70.0412690139,0,6.40717177146,-1
2586.66666667,282.0,78.3676250507,0,5.83097685472,-1
2518.66666667,282.0,80.5629925412,0,5.75071249128,-1
2683.66666667,282.0,78.5009891085,0,5.13782967416,-1
2715.66666667,282.0,76.0966108306,0,5.61181472871,-1
2695.0,282.0,75.867647914,0,5.73911815849,-1
2524.66666667,255.0,67.4173842841,0,4.0122615755,-1
2382.0,255.0,69.8063307267,0,5.83363289878,-1
2640.66666667,319.333333333,82.3156461948,0,5.3524261649,-1
2727.0,319.333333333,79.2091164386,0,5.6974454621,-1
2553.0,319.333333333,79.3096002916,0,6.40567588487,-1
2491.66666667,319.333333333,77.6387987335,0,6.54126354516,-1
2701.0,319.333333333,80.2795314797,0,4.62877553005,-1
2487.33333333,319.333333333,84.020125455,0,6.11799381242,-1
2836.0,382.333333333,101.55476277,0,5.44265125649,-1
2795.66666667,382.333333333,99.2857534924,0,6.37836007422,-1
2984.33333333,382.333333333,97.4380905061,0,3.87167962489,-1
2994.66666667,382.333333333,103.514873813,0,5.89783979995,-1
2809.66666667,382.333333333,95.2459667382,0,6.7662354893,-1
3107.66666667,382.333333333,105.539749025,0,5.90774087093,-1
3254.0,382.333333333,100.429261214,0,3.87167962489,-1
3523.66666667,425.333333333,118.285082942,0,5.15366113938,-1
3197.33333333,425.333333333,121.406246625,0,6.37063802813,-1
3180.66666667,425.333333333,119.060744356,0,4.7135720667,-1
2937.33333333,425.333333333,106.510379056,0,6.94629282846,-1
3019.33333333,425.333333333,122.194668611,0,6.03695260241,-1
3246.0,425.333333333,122.645792737,0,5.50350653221,-1
2909.0,425.333333333,123.22087537,0,6.48479693349,-1
3497.0,425.333333333,128.476308729,0,4.02852209638,-1
3319.66666667,425.333333333,131.067917286,0,6.47924906905,-1
3864.0,730.333333333,178.173666841,0,5.66657881411,-1
3494.0,730.333333333,170.843992699,0,7.05287317524,-1
4017.33333333,730.333333333,173.431283374,0,4.86423234159,-1
4009.33333333,730.333333333,173.772549448,0,5.16407790024,-1
3741.33333333,730.333333333,179.261776896,0,5.91020089678,-1
4061.33333333,730.333333333,173.293284445,0,4.02852209638,-1
3498.66666667,730.333333333,172.934175629,0,6.51342874616,-1
3797.33333333,730.333333333,171.23845035,0,4.41224721785,-1
3522.33333333,730.333333333,166.672820521,0,6.95410876056,-1
3663.33333333,730.333333333,172.712295558,0,6.16858825988,-1
3144.66666667,425.333333333,115.107240083,0,7.59350105093,-1
3654.66666667,730.333333333,170.212837509,0,5.43477720006,-1
3585.0,730.333333333,171.16831501,0,6.09579310243,-1
3314.66666667,730.333333333,161.1559155,0,5.28128506487,-1
3474.0,730.333333333,157.154352393,0,3.90872089656,-1
3222.66666667,730.333333333,159.911276657,0,6.50533153593,-1
3323.66666667,730.333333333,161.441617209,0,4.85014760171,-1
3265.33333333,730.333333333,159.487882474,0,6.45958551414,-1
3097.0,730.333333333,161.966031124,0,6.13775730153,-1
3120.66666667,730.333333333,161.118473285,0,6.14943058584,-1
2884.0,730.333333333,152.635149585,0,5.03718614838,-1
2782.66666667,730.333333333,153.235280933,0,5.64118062351,-1
2101.33333333,246.0,69.2032930372,0,5.75071249128,-1
2365.0,296.333333333,80.5259989564,0,5.15888308336,-1
2198.33333333,296.333333333,79.7664282062,0,6.03043792139,-1
2301.0,296.333333333,79.2802443415,0,4.70540875607,-1
2569.33333333,296.333333333,84.8058879108,0,4.62877553005,-1
2438.66666667,296.333333333,85.2315458156,0,6.01285505083,-1
2541.0,296.333333333,84.0786668675,0,3.7080502011,-1
2411.0,296.333333333,82.2252037211,0,5.02535169074,-1
2318.66666667,296.333333333,81.2630779055,0,4.49650756147,-1
2079.33333333,296.333333333,83.462731283,0,5.79854157897,-1
2170.66666667,296.333333333,82.5565062219,0,5.11087386417,-1
1921.66666667,283.666666667,70.0341677761,0,6.69148494684,-1
2114.66666667,296.333333333,82.9758267852,0,5.45046379623,-1
2314.33333333,296.333333333,87.4143057317,0,5.13782967416,-1
2061.0,296.333333333,77.5302501127,0,6.64779983991,-1
2587.0,511.0,120.778197602,0,6.42934562895,-1
3110.33333333,511.0,126.598680585,0,3.63905732962,-1
2976.0,511.0,129.934910445,0,5.98360662171,-1
3226.0,511.0,124.93403974,0,5.00733318523,-1
3286.0,511.0,122.429007612,0,4.06027079469,-1
3298.0,511.0,122.493005955,0,5.47354174351,-1
3209.66666667,511.0,125.215086908,0,5.49980967033,-1
3163.33333333,511.0,127.068131539,0,5.58496747867,-1
2744.33333333,511.0,123.504722186,0,6.48341285023,-1
2904.33333333,511.0,125.268551732,0,5.79303192316,-1
2466.66666667,347.0,93.6830042805,0,7.2363695902,-1
2447.66666667,511.0,111.882842163,0,6.84932477995,-1
2628.33333333,511.0,121.894791569,0,5.99721227376,-1
2612.33333333,511.0,121.07181611,0,6.15905529921,-1
2597.33333333,511.0,122.600411282,0,5.41077604796,-1
2529.33333333,511.0,124.264338915,0,5.71252870431,-1
2603.33333333,511.0,122.843663282,0,4.56482680544,-1
2550.0,511.0,124.180878062,0,4.12089541651,-1
2675.66666667,511.0,125.405249968,0,3.99573227355,-1
2484.66666667,511.0,129.735948766,0,5.83363289878,-1
2386.33333333,511.0,126.114538098,0,3.73002910782,-1
2218.0,511.0,128.834186531,0,5.61181472871,-1
1647.33333333,347.0,84.9971459216,0,6.34551896803,-1
1529.0,213.0,66.0351397556,0,4.17805383035,-1
1383.66666667,213.0,65.1226478214,0,4.6720723358,-1
1493.33333333,260.333333333,73.6829041934,0,3.77258872224,-1
1505.0,260.333333333,73.9915160302,0,3.96183072188,-1
1467.66666667,260.333333333,73.5240197587,0,4.07577498123,-1
1281.33333333,260.333333333,66.327342794,0,6.36129216571,-1
1490.66666667,260.333333333,72.8189136138,0,3.53897387106,-1
1551.33333333,260.333333333,72.8012115429,0,4.4657359028,-1
1508.66666667,260.333333333,72.0736983193,0,4.62877553005,-1
1696.0,260.333333333,77.4575254831,0,4.8985999851,-1
1656.66666667,260.333333333,77.3786026505,0,4.76120011569,-1
1626.33333333,260.333333333,72.7580719716,0,3.8903717579,-1
1547.66666667,214.333333333,65.1759076791,0,6.56196286117,-1
1687.66666667,260.333333333,77.5913729999,0,5.5781415136,-1
1715.33333333,260.333333333,77.4047426188,0,5.33510971489,-1
1782.0,260.333333333,75.8463777373,0,4.69717825693,-1
1785.33333333,260.333333333,75.7985983592,0,4.45526460293,-1
1555.0,260.333333333,70.6331906333,0,5.60517018599,-1
1740.66666667,260.333333333,73.3450243206,0,5.48488402011,-1
1651.0,260.333333333,66.1795777255,0,6.36753243557,-1
1807.66666667,260.333333333,72.2883043223,0,5.00733318523,-1
1693.66666667,260.333333333,71.2367318008,0,6.03911476542,-1
1651.0,260.333333333,69.3445732647,0,6.23466733947,-1
1857.66666667,260.333333333,70.3974807148,0,3.79320800944,-1
1733.66666667,214.333333333,60.2724677641,0,4.12089541651,-1
1732.33333333,214.333333333,61.8977309804,0,4.91202300543,-1
1790.33333333,214.333333333,60.5960124065,0,3.79320800944,-1
1915.33333333,214.333333333,66.1131585651,0,4.93182563272,-1
1840.0,214.333333333,61.6624580288,0,6.23110861685,-1
2106.66666667,247.666666667,73.3527607744,0,5.21950770518,-1
2071.66666667,247.666666667,74.3440557432,0,4.55534806149,-1
1900.0,247.666666667,70.3150506593,0,4.54577861047,-1
1867.33333333,247.666666667,71.4992544454,0,4.51650822817,-1
1860.33333333,247.666666667,72.7477303779,0,4.97656152657,-1
1639.0,247.666666667,68.2265251216,0,5.96051090692,-1
1726.66666667,247.666666667,67.4874748325,0,5.81489071697,-1
2540.33333333,813.666666667,172.101549634,0,5.61181472871,-1
3416.66666667,1025.66666667,261.095595622,1,6.29831736655,-1
4428.66666667,1025.66666667,305.301714763,2,5.52540521752,-1
5136.66666667,1025.66666667,340.755445364,3,6.51208375605,-1
6424.0,1247.33333333,399.711231083,4,4.02852209638,-1
7278.66666667,1247.33333333,419.730927289,5,4.74557479779,-1
8169.33333333,1247.33333333,429.34970823,6,4.06027079469,-1
9307.33333333,1318.33333333,471.652502451,7,6.11799381242,-1
10258.3333333,1318.33333333,466.339166261,8,5.01938152375,-1
11177.0,1318.33333333,469.404967815,9,5.43872197835,-1
10970.3333333,1318.33333333,468.602421142,9,7.70155078173,-1
10890.0,1318.33333333,454.712230645,8,7.93309808666,-1
11043.0,1318.33333333,457.809986923,8,7.8250980453,-1
10866.3333333,1318.33333333,466.263174771,8,7.81819520227,-1
10574.3333333,1318.33333333,443.597320854,8,8.12876321816,-1
10765.6666667,1318.33333333,467.031731924,8,7.85047921116,-1
11062.0,1318.33333333,458.486121719,8,7.80756655173,-1
11053.6666667,1247.33333333,417.851580572,8,8.18412359153,-1
11500.0,1318.33333333,446.541951316,8,7.77231730809,-1
11390.6666667,1318.33333333,440.132971129,8,7.90875477932,-1
11767.3333333,1318.33333333,448.60474407,9,7.49978704066,-1
12197.0,1318.33333333,442.466013402,9,6.54126354516,-1
11807.0,1318.33333333,438.342460524,9,6.00170666335,-1
11042.3333333,1318.33333333,427.86890021,8,3.83321334406,-1
10107.6666667,1318.33333333,432.90501237,7,5.89285225844,-1
9368.99999999,1318.33333333,425.928287801,6,5.91265488574,-1
8009.99999999,1318.33333333,396.206359571,5,6.62522015215,-1
7181.33333333,1318.33333333,374.538603629,4,7.10404890786,-1
6755.33333333,1318.33333333,351.614032019,3,4.12089541651,-1
5333.0,1001.0,275.952678828,2,6.22215600558,-1
4573.0,1001.0,239.212228944,1,5.56781439944,-1
3581.66666667,665.0,162.189338372,0,5.64759090187,-1
2727.66666667,447.666666667,112.076577657,0,6.75995274612,-1
2687.33333333,447.666666667,118.592341179,0,5.86239305095,-1
2616.66666666,447.666666667,119.558661522,0,5.62823545892,-1
2576.33333333,447.666666667,117.688877799,0,6.18365445823,-1
2656.66666666,447.666666667,117.124938944,0,4.39002408107,-1
2353.66666666,447.666666667,112.965821024,0,6.65599181082,-1
2414.33333333,447.666666667,112.831482248,0,4.98279207632,-1
1978.66666667,317.333333333,85.1698520821,0,5.07187170637,-1
2020.66666667,317.333333333,83.7661648302,0,4.19184715248,-1
1860.0,317.333333333,82.5473024565,0,3.87167962489,-1
1829.0,317.333333333,82.8610042887,0,4.17805383035,-1
1755.33333333,317.333333333,83.660949656,0,4.28341434601,-1
1423.0,286.0,66.2488694123,0,4.93182563272,-1
1323.0,286.0,65.159633039,0,4.96398274436,-1
1214.66666667,286.0,65.6214411985,0,5.1743872699,-1
1031.0,286.0,59.399882422,0,5.49237469184,-1
1052.66666667,286.0,58.7072280417,0,5.66028948521,-1
1028.66666667,173.333333333,39.0091835612,0,3.83321334406,-1
1179.33333333,217.666666667,54.0649423325,0,4.41224721785,-1
1556.66666667,423.666666667,96.4227656493,0,3.8903717579,-1
1556.66666667,423.666666667,96.5988541565,0,5.27202573946,-1
1654.0,423.666666667,95.2198125309,0,4.50655789732,-1
1748.33333333,423.666666667,93.6481538504,0,3.23359222151,-1
1715.33333333,423.666666667,94.7345106772,0,4.43398720449,-1
2077.66666667,423.666666667,114.76713714,0,2.8458266905,-1
2276.0,423.666666667,120.153526129,0,3.94443897917,-1
2336.0,423.666666667,121.917510494,0,5.21459369037,-1
2252.66666667,423.666666667,121.348653751,0,6.15521652291,-1
2128.66666667,423.666666667,120.945621609,0,6.38296484061,-1
2103.33333333,388.666666667,101.0768475,0,7.04894698252,-1
2606.33333334,423.666666667,122.31740738,0,5.35670882669,-1
2643.33333334,423.666666667,120.984272449,0,5.33946702026,-1
2623.66666667,423.666666667,121.320403114,0,5.54683460897,-1
2854.66666667,423.666666667,117.475984262,0,3.73002910782,-1
2491.33333334,423.666666667,104.395024613,0,6.96272207824,-1
2603.33333334,423.666666667,116.554608316,0,6.5746856791,-1
2741.0,423.666666667,118.089023454,0,6.15713775309,-1
2797.33333334,423.666666667,118.648850544,0,5.71551824316,-1
2862.0,423.666666667,116.943637218,0,4.25809653802,-1
2530.33333334,423.666666667,120.502725605,0,6.28658211033,-1
2368.33333334,423.666666667,119.743027324,0,6.23466733947,-1
2207.0,388.666666667,97.7836127409,0,4.98279207632,-1
2304.66666667,388.666666667,99.7318017242,0,5.2437219633,-1
2206.66666667,388.666666667,98.3634928192,0,6.22215600558,-1
2438.0,388.666666667,98.2119670723,0,3.96183072188,-1
2703.33333333,388.666666667,101.437973333,0,3.8903717579,-1
2392.66666667,279.333333333,83.8224061168,0,4.98898404656,-1
2252.66666667,279.333333333,74.6993692557,0,3.59026716544,-1
2126.66666667,279.333333333,74.9255644733,0,4.84303013394,-1
2112.0,279.333333333,73.7635217628,0,3.59026716544,-1
2153.0,279.333333333,73.4090193844,0,4.82136863716,-1
2156.0,283.333333333,81.848572919,0,5.85463104562,-1
2032.33333333,283.333333333,77.2582489901,0,6.25575775213,-1
2246.33333333,283.333333333,80.5437013718,0,5.54683460897,-1
2128.0,283.333333333,81.6163110059,0,6.07308830874,-1
1987.0,283.333333333,71.0167652908,0,6.63240581181,-1
2308.0,283.333333333,80.7767941687,0,5.73619844839,-1
2381.33333333,283.333333333,78.5956331164,0,5.4188406078,-1
2900.0,570.666666667,125.733321971,0,5.39444915467,-1
3076.66666667,570.666666667,122.073958414,0,5.15366113938,-1
3710.0,715.666666667,172.851252687,0,5.59848119784,-1
4413.66666667,901.0,230.928166297,1,6.64662406082,-1
5179.33333333,901.0,245.787801541,1,5.84680831994,-1
6172.66666667,1164.66666667,316.104775511,2,6.13775730153,-1
7505.66666667,1371.0,387.416871439,3,3.81341071676,-1
8019.66666667,1371.0,397.325479975,3,6.09986642782,-1
8657.0,1371.0,404.652239486,3,6.16478597392,-1
9510.00000001,1371.0,419.615638564,4,5.0998847426,-1
9909.33333334,1371.0,439.610464897,5,7.34680526803,-1
11323.3333333,1371.0,443.409498172,6,6.15136295359,-1
12058.6666667,1371.0,472.88262971,7,7.57321450921,-1
12667.0,1371.0,457.57212633,6,7.80350525761,-1
12958.0,1371.0,459.660542451,7,7.48514401204,-1
12176.6666667,1371.0,455.729605737,6,8.06019020203,-1
11850.3333333,1359.33333333,446.531570425,6,8.22329567956,-1
12391.3333333,1371.0,482.291862063,7,7.62760036184,-1
12428.6666667,1371.0,476.297253346,7,7.69456205852,-1
12217.6666667,1371.0,469.126925211,6,7.92526770407,-1
12100.0,1371.0,474.288713894,6,7.93114623178,-1
12095.3333333,1371.0,466.796837854,6,8.0021559544,-1
11356.0,1371.0,459.694344621,6,8.21474966246,-1
12292.0,1371.0,480.798814475,7,7.75382679669,-1
13507.0,1371.0,490.720429249,8,5.97443224543,-1
13648.3333333,1371.0,483.148584286,8,3.42774823595,-1
14042.3333333,1371.0,490.533184699,9,2.99243016469,-1
13663.0,1371.0,485.344027878,9,5.56434819147,-1
13708.6666667,1427.0,490.216850839,9,5.66657881411,-1
13635.3333333,1427.0,493.010185885,9,6.09170311719,-1
14019.3333333,1427.0,495.933529426,10,5.14841178349,-1
14371.0,1437.0,522.482035842,10,5.8751973232,-1
14339.0,1437.0,518.232654439,10,5.518158809,-1
13922.6666667,1437.0,538.449775603,10,7.4079794914,-1
13096.3333333,1437.0,510.292638316,9,8.10496544827,-1
13506.3333333,1437.0,525.795182124,10,7.81234509418,-1
14531.0,1437.0,528.136527864,11,7.9520910928,-1
16029.0,1437.0,525.241778038,12,7.77308037566,-1
16855.6666667,1437.0,493.676676426,13,8.26332961748,-1
18632.0,1437.0,487.640636613,15,7.6048467592,-1
19772.0,1600.33333333,478.149936636,15,7.99637647064,-1
20166.6666667,1600.33333333,432.287384813,16,8.27031288608,-1
21058.3333333,1600.33333333,410.01546493,16,7.85891511356,-1
21207.6666667,1600.33333333,373.724041586,16,8.08813049845,-1
21242.3333333,1600.33333333,377.170378185,16,8.04257750479,-1
20844.6666667,1600.33333333,428.118631262,16,7.86519566456,-1
19321.3333333,1600.33333333,464.285336345,15,8.174469045,-1
18395.0,1600.33333333,503.159631017,14,8.19893124069,-1
17924.3333333,1600.33333333,502.001986231,13,8.23489842031,-1
17458.6666667,1600.33333333,530.326439351,12,8.07665381544,-1
15730.0,1437.0,508.652045287,11,8.37796721986,-1
15730.6666667,1600.33333333,564.695875915,11,7.80424490261,-1
15259.6666667,1600.33333333,570.385537024,11,7.15344166318,-1
14009.3333333,1600.33333333,556.234805868,10,7.2646672983,-1
13546.6666667,1600.33333333,554.998947995,9,5.29045944115,-1
12425.3333333,1600.33333333,553.099764722,8,4.13549421593,-1
11625.3333333,1600.33333333,541.10443544,7,4.73766961828,-1
10902.0,1600.33333333,536.573476085,6,3.7080502011,-1
9282.66666666,1600.33333333,515.179989095,5,7.43561603761,-1
8682.66666666,1600.33333333,473.299311878,4,6.32463467486,-1
7478.33333333,1600.33333333,419.569638417,3,5.74202936871,-1
6552.33333333,1600.33333333,373.02505838,2,4.70540875607,-1
4978.33333333,901.666666667,232.652211085,1,6.24877692099,-1
4258.33333333,623.666666667,175.831053171,0,6.48893772616,-1
4276.66666667,623.666666667,162.377388827,0,4.61091791264,-1
3933.0,623.666666667,144.115473983,0,4.2708355638,-1
3755.66666667,623.666666667,141.031738707,0,6.89532068655,-1
4093.33333333,623.666666667,141.76952755,0,6.3375380797,-1
4203.33333333,623.666666667,136.034783912,0,6.68697535634,-1
4395.66666667,623.666666667,128.411555217,0,6.76727878622,-1
4167.33333333,363.333333333,88.2527515047,0,5.52178857705,-1
4128.0,363.333333333,92.281763147,0,6.21493575761,-1
4327.0,363.333333333,93.1023502338,0,6.17048399504,-1
4577.33333333,363.333333333,90.3962207151,0,6.45246804637,-1
4625.33333333,363.333333333,90.408572895,0,6.64779983991,-1
4639.0,363.333333333,92.3409830079,0,6.14361097679,-1
4604.0,363.333333333,90.5001622379,0,6.4496068141,-1
4762.33333333,363.333333333,80.3799541991,0,6.32463467486,-1
4386.66666667,348.333333333,85.5479289531,0,6.47646355193,-1
4312.0,348.333333333,87.5473205378,0,6.44673737167,-1
4152.66666667,348.333333333,89.802555319,0,6.12197788143,-1
3978.0,348.333333333,84.7524593454,0,6.55295958492,-1
3939.33333333,348.333333333,81.5801517774,0,6.72249518359,-1
3992.0,305.666666667,80.4618710845,0,6.85315987573,-1
4070.0,348.333333333,84.9513960011,0,6.6652726199,-1
4062.66666667,348.333333333,90.0059551234,0,5.96517292002,-1
3882.66666667,348.333333333,91.3101754907,0,5.14841178349,-1
3761.33333333,348.333333333,95.2771007427,0,6.05836669692,-1
3708.66666667,348.333333333,92.8411797431,0,4.06027079469,-1
3615.66666667,348.333333333,98.5882920166,0,5.83892391641,-1
3711.66666667,348.333333333,98.2464534142,0,5.26736372635,-1
3398.33333333,348.333333333,100.461303719,0,6.46100294882,-1
3917.33333333,552.333333333,130.994040415,0,5.61512051684,-1
